--
-- PostgreSQL database dump
--

-- Dumped from database version 17.2
-- Dumped by pg_dump version 17.2

SET statement_timeout = 0;
SET lock_timeout = 0;
SET idle_in_transaction_session_timeout = 0;
SET client_encoding = 'UTF8';
SET standard_conforming_strings = on;
SELECT pg_catalog.set_config('search_path', '', false);
SET check_function_bodies = false;
SET xmloption = content;
SET client_min_messages = warning;
SET row_security = off;

SET default_tablespace = '';

SET default_table_access_method = heap;

--
-- Name: app_user; Type: TABLE; Schema: public; Owner: postgres
--

CREATE TABLE public.app_user (
    id bigint NOT NULL,
    username character varying(255) NOT NULL,
    password character varying(255) NOT NULL,
    date_of_birth character varying(255) NOT NULL,
    gender character varying(255)
);


ALTER TABLE public.app_user OWNER TO "default";

--
-- Name: app_user_id_seq; Type: SEQUENCE; Schema: public; Owner: postgres
--

CREATE SEQUENCE public.app_user_id_seq
    START WITH 1
    INCREMENT BY 1
    NO MINVALUE
    NO MAXVALUE
    CACHE 1;


ALTER SEQUENCE public.app_user_id_seq OWNER TO "default";

--
-- Name: app_user_id_seq; Type: SEQUENCE OWNED BY; Schema: public; Owner: postgres
--

ALTER SEQUENCE public.app_user_id_seq OWNED BY public.app_user.id;


--
-- Name: post; Type: TABLE; Schema: public; Owner: postgres
--

CREATE TABLE public.post (
    id bigint NOT NULL,
    content character varying(255),
    created_at timestamp(6) without time zone,
    cheer_count integer DEFAULT 0 NOT NULL,
    like_count integer DEFAULT 0 NOT NULL,
    user_id bigint
);


ALTER TABLE public.post OWNER TO "default";

--
-- Name: post_id_seq; Type: SEQUENCE; Schema: public; Owner: postgres
--

ALTER TABLE public.post ALTER COLUMN id ADD GENERATED BY DEFAULT AS IDENTITY (
    SEQUENCE NAME public.post_id_seq
    START WITH 1
    INCREMENT BY 1
    NO MINVALUE
    NO MAXVALUE
    CACHE 1
);


--
-- Name: question; Type: TABLE; Schema: public; Owner: postgres
--

CREATE TABLE public.question (
    id bigint NOT NULL,
    title character varying(255) NOT NULL,
    content character varying(255) NOT NULL,
    created_at timestamp without time zone DEFAULT now() NOT NULL,
    user_id bigint,
    age_group character varying(255),
    target_age_group character varying(255),
    gender character varying(255)
);


ALTER TABLE public.question OWNER TO "default";

--
-- Name: question_id_seq; Type: SEQUENCE; Schema: public; Owner: postgres
--

ALTER TABLE public.question ALTER COLUMN id ADD GENERATED ALWAYS AS IDENTITY (
    SEQUENCE NAME public.question_id_seq
    START WITH 1
    INCREMENT BY 1
    NO MINVALUE
    NO MAXVALUE
    CACHE 1
);


--
-- Name: reply; Type: TABLE; Schema: public; Owner: postgres
--

CREATE TABLE public.reply (
    id bigint NOT NULL,
    content character varying(255),
    created_at timestamp(6) without time zone,
    question_id bigint,
    user_id bigint,
    post_id bigint
);


ALTER TABLE public.reply OWNER TO "default";

--
-- Name: reply_id_seq; Type: SEQUENCE; Schema: public; Owner: postgres
--

ALTER TABLE public.reply ALTER COLUMN id ADD GENERATED BY DEFAULT AS IDENTITY (
    SEQUENCE NAME public.reply_id_seq
    START WITH 1
    INCREMENT BY 1
    NO MINVALUE
    NO MAXVALUE
    CACHE 1
);


--
-- Name: app_user id; Type: DEFAULT; Schema: public; Owner: postgres
--

ALTER TABLE ONLY public.app_user ALTER COLUMN id SET DEFAULT nextval('public.app_user_id_seq'::regclass);


--
-- Data for Name: app_user; Type: TABLE DATA; Schema: public; Owner: postgres
--

COPY public.app_user (id, username, password, date_of_birth, gender) FROM stdin;
2	佐藤　女	$2a$10$kMB86ed3rgK8cV74nok.zOBDivjmeHiektuJdfVUQ/RyPUoIMNWxK	2007-02-15	女性
3	木村　男	$2a$10$a.Zaly9iNketngm3//wLSOiXeCa4u6hqSlo3.88NvDVxeKqNPT2sC	2004-05-04	男性
4	吉村　女	$2a$10$w.u28xIHLfuSicsp5Ngza.CEvZlmUvTdH9pXrU0HsYfoLeh27WEMm	2002-06-12	女性
5	吉田　男	$2a$10$fkSgqdDhiJFHX4GNRNlybudB.oOj49bqkgeVt2Td2dDN5TfccHiAK	1998-07-08	男性
6	山田　女	$2a$10$ho/L9lfCrRNu5oDrPQTM7Opj4iQGakkUyQ/FeBMrvsEe/SYkwvoVi	1997-09-17	女性
7	前田　男	$2a$10$H.051ybVuLp0ealfOTsAAeDlxnuNphCwB/XTxO74MOXoB8seCmDeG	1992-05-19	男性
8	岡田　女	$2a$10$LBfYF.4zCNV8XDJZGYVWUuNvgT6CO6WNFYZzS1Z2aDpufh/zHqRwe	1990-04-25	女性
9	遠藤　男	$2a$10$Omr96GOrnrYZWZaNqiTI6OGNC5gbF6k44uj2h7ik3zBbCffCWUBfO	1983-08-22	男性
10	井上　女	$2a$10$B1joLsUvcAPl.3vFXN5FneGMMDmO566dc9cyqNdeuBnei7Ne4BqV.	1983-11-04	女性
11	小川　男	$2a$10$gRNwbGGiuqRp0jo1Lag2TOEMytGe1jhMteV1ltBNOriuS0v9Al1cy	2004-05-17	男性
1	伊藤　男	$2a$10$dFqbtx/nkoWYhIwmUtj4e.ncfxNub36ApyKOSXrFLkiMrht9YGvPK	2009-01-05	男性
\.


--
-- Data for Name: post; Type: TABLE DATA; Schema: public; Owner: postgres
--

COPY public.post (id, content, created_at, cheer_count, like_count, user_id) FROM stdin;
3	部活でうまくいってない人とどう接すればいいか分かりません。仲良くなる方法や、気まずくならないようにするコツを教えてください。	2025-01-08 16:37:44.72735	8	9	2
2	学校で友達ができなくて悩んでいます。クラスでどうやって話しかけたらいいか分からなくて…。誰かアドバイスがあれば教えてください！	2025-01-08 16:37:26.855313	7	11	2
5	好きな人にどうアプローチしていいのか分かりません。勇気を出して告白するべきか、それとも自然に関係を深めたほうがいいのでしょうか？	2025-01-08 16:38:09.622953	4	5	2
4	親と意見が合わなくてケンカばかりしています。自分の意見を上手に伝える方法があれば教えてほしいです。	2025-01-08 16:37:57.816167	5	3	2
1	将来、どんな職業が向いているか悩んでいます。自分に合った仕事を見つけるために、何をしたらいいでしょうか？	2025-01-08 16:36:05.794699	4	5	1
8	右の世代別登録数も変わってます。	2025-01-08 17:06:16.930917	4	3	3
7	先ほどの投稿とは違います。	2025-01-08 17:05:30.724524	2	2	3
6	世代によって表示される投稿が違います。	2025-01-08 17:05:05.59371	6	1	3
9	別のユーザーでログインしています。\r\n世代が違います。	2025-01-08 17:07:14.995778	3	5	4
\.


--
-- Data for Name: question; Type: TABLE DATA; Schema: public; Owner: postgres
--

COPY public.question (id, title, content, created_at, user_id, age_group, target_age_group, gender) FROM stdin;
1	学校での悩み	クラスで全然話しかけてもらえなくて、学校に行くのがちょっと嫌になってきた。どうしたらもっと友達を作れるか教えてください。	2025-01-08 17:00:39.046858	1	13-18歳	\N	指定なし
2	恋愛に関する相談	好きな子にどうやって話しかけたらいいか分かりません。告白するタイミングや、自然に関係を深める方法を教えてほしいです。	2025-01-08 17:01:11.573043	1	13-18歳	\N	男性
3	大学選び	大学を選ぶときに注意する点を教えてください。	2025-01-08 17:01:51.041973	1	19-24歳	\N	指定なし
4	プレゼント	20歳の男性のプレゼントって何がいいの？！男性教えて！！	2025-01-08 17:09:52.052069	4	19-24歳	\N	男性
5	女子会	女子会するんだけど、どこがおすすめ？	2025-01-08 17:10:55.303599	4	19-24歳	\N	女性
6	女子との話し方！	男子校出身だから女子との話し方分からない！男子教えて！	2025-01-08 17:14:21.895052	3	19-24歳	\N	男性
7	男子校あるある	男子校ならではのあるあるを教えてー！！	2025-01-08 17:14:59.08265	3	19-24歳	\N	男性
8	男子ならではで盛り上がる話	大学で男子で盛り上がる話教えてほしい	2025-01-08 17:16:37.926871	3	19-24歳	\N	男性
\.


--
-- Data for Name: reply; Type: TABLE DATA; Schema: public; Owner: postgres
--

COPY public.reply (id, content, created_at, question_id, user_id, post_id) FROM stdin;
1	告白も大切だけど、まずは相手との関係を少しずつ深めることから始めるといいかも！自然に仲良くなってからの方が、お互い気楽だよ。	2025-01-08 17:37:10.010257	\N	2	5
2	勇気を出して告白するのも大事だけど、相手の気持ちを見極めてからの方が良い結果になるかも。焦らずにゆっくり進めてみよう。	2025-01-08 17:37:16.975718	\N	2	5
3	関係を深めるために、まずは共通の趣味を見つけて一緒に楽しむと良いよ。自然な会話から、もっと仲良くなれると思うよ。	2025-01-08 17:37:31.19958	\N	2	5
4	20歳の男性なら、流行を意識したアイテムが嬉しいかも！例えば、シンプルなデザインのTシャツや、少し高級感のあるパーカーなどがオススメ。服はシーズンごとに買い替えることが多いから、サイズさえ合えば使いやすいよ。	2025-01-08 17:40:55.177167	4	3	\N
5	時計は年齢的にも大人っぽくなってきた感じがするから、シンプルで高品質なものが喜ばれるよ。予算が許せば、ブランドものの時計なんかも特別感があっていいかも！	2025-01-08 17:41:05.247512	4	3	\N
6	アクセサリーだと、シンプルなデザインのネックレスやブレスレットなんかがオススメ。あまり派手すぎず、コーディネートのアクセントとして使えるアイテムが喜ばれると思う！	2025-01-08 17:41:15.12043	4	3	\N
7	靴は実用性も大事だから、どんなシーンでも使えるデザインのスニーカーや、少しカジュアルなレザーシューズなんかがオススメ。特に、履き心地が良くて長く使えるものがいいよ。	2025-01-08 17:41:21.348644	4	3	\N
\.


--
-- Name: app_user_id_seq; Type: SEQUENCE SET; Schema: public; Owner: postgres
--

SELECT pg_catalog.setval('public.app_user_id_seq', 11, true);


--
-- Name: post_id_seq; Type: SEQUENCE SET; Schema: public; Owner: postgres
--

SELECT pg_catalog.setval('public.post_id_seq', 9, true);


--
-- Name: question_id_seq; Type: SEQUENCE SET; Schema: public; Owner: postgres
--

SELECT pg_catalog.setval('public.question_id_seq', 8, true);


--
-- Name: reply_id_seq; Type: SEQUENCE SET; Schema: public; Owner: postgres
--

SELECT pg_catalog.setval('public.reply_id_seq', 7, true);


--
-- Name: app_user app_user_pkey; Type: CONSTRAINT; Schema: public; Owner: postgres
--

ALTER TABLE ONLY public.app_user
    ADD CONSTRAINT app_user_pkey PRIMARY KEY (id);


--
-- Name: app_user app_user_username_key; Type: CONSTRAINT; Schema: public; Owner: postgres
--

ALTER TABLE ONLY public.app_user
    ADD CONSTRAINT app_user_username_key UNIQUE (username);


--
-- Name: post post_pkey; Type: CONSTRAINT; Schema: public; Owner: postgres
--

ALTER TABLE ONLY public.post
    ADD CONSTRAINT post_pkey PRIMARY KEY (id);


--
-- Name: question question_pkey; Type: CONSTRAINT; Schema: public; Owner: postgres
--

ALTER TABLE ONLY public.question
    ADD CONSTRAINT question_pkey PRIMARY KEY (id);


--
-- Name: reply reply_pkey; Type: CONSTRAINT; Schema: public; Owner: postgres
--

ALTER TABLE ONLY public.reply
    ADD CONSTRAINT reply_pkey PRIMARY KEY (id);


--
-- Name: post fk4p1xhm755mme4ykg5am4ati4r; Type: FK CONSTRAINT; Schema: public; Owner: postgres
--

ALTER TABLE ONLY public.post
    ADD CONSTRAINT fk4p1xhm755mme4ykg5am4ati4r FOREIGN KEY (user_id) REFERENCES public.app_user(id);


--
-- Name: post fk_user; Type: FK CONSTRAINT; Schema: public; Owner: postgres
--

ALTER TABLE ONLY public.post
    ADD CONSTRAINT fk_user FOREIGN KEY (user_id) REFERENCES public.app_user(id);


--
-- Name: question fk_user; Type: FK CONSTRAINT; Schema: public; Owner: postgres
--

ALTER TABLE ONLY public.question
    ADD CONSTRAINT fk_user FOREIGN KEY (user_id) REFERENCES public.app_user(id);


--
-- Name: reply fkey5mh14xucgi4cnx3w7akrclw; Type: FK CONSTRAINT; Schema: public; Owner: postgres
--

ALTER TABLE ONLY public.reply
    ADD CONSTRAINT fkey5mh14xucgi4cnx3w7akrclw FOREIGN KEY (user_id) REFERENCES public.app_user(id);


--
-- Name: reply fklf3483md4ptkyewrkrjehfg56; Type: FK CONSTRAINT; Schema: public; Owner: postgres
--

ALTER TABLE ONLY public.reply
    ADD CONSTRAINT fklf3483md4ptkyewrkrjehfg56 FOREIGN KEY (question_id) REFERENCES public.question(id);


--
-- Name: reply fknpyg5e6pqr2v1y4y6pacte11q; Type: FK CONSTRAINT; Schema: public; Owner: postgres
--

ALTER TABLE ONLY public.reply
    ADD CONSTRAINT fknpyg5e6pqr2v1y4y6pacte11q FOREIGN KEY (post_id) REFERENCES public.post(id);


--
-- PostgreSQL database dump complete
--

